{
    // See https://go.microsoft.com/fwlink/?LinkId=733558
    // for the documentation about the tasks.json format
    "version": "2.0.0",
    "tasks": [
        {
            "label": "Build x86",
            "type": "shell",
            "options": {
                "cwd": "${workspaceFolder}/Build",
                "env": {
                    "WITH_TEST": "1",
                    "PASSWORD_VALID_PERIOD_SEC": "135"
                }
            },
            // "environment": [{"name":"WITH_TEST","value":"1"}],
            // "environment": [{"name":"WITH_TEST","value":"1"},{"name":"DISABLE_CHANGE_PASSWORD","value":"1"}],            
            "command": "make",           
            "args": [
                "x86_64"
            ],
            "problemMatcher": [
                "$gcc"
            ],
            "group": {
                "kind": "build",
                "isDefault": true
            }
        }
    ]
  }